product_id,brand,model,category,cpu,ram_gb,storage_gb,gpu,screen_in,resolution,refresh_hz,weight_kg,battery_wh,os,price_inr,rating,pros,cons,storage_type,has_dedicated_gpu,good_for,source_type,source_name,fetched_at,currency,description
LAP001,Lenovo,IdeaPad Slim 3 15IAH8,student,Intel Core i5-12450H,16,512,Intel UHD,15.6,1920x1080,60,1.62,47.0,Windows 11 Home,47990,4.1,Strong value; good multitasking for the price,Plastic build; average display,NVMe SSD,False,"college work, coding basics, office apps, streaming, everyday use",seed_dataset,Curated seed list (approximate),2026-10-07,INR,"Lenovo IdeaPad Slim 3 15IAH8 is a student laptop with Intel Core i5-12450H, 16GB RAM, 512GB SSD, and integrated graphics (Intel UHD). It has a 15.6-inch 1920x1080 display at 60Hz, weighs 1.62kg, and has a 47.0Wh battery. Runs Windows 11 Home. Approx. price Rs 47,990. Good for: college work, coding basics, office apps, streaming, everyday use. Pros: Strong value; good multitasking for the price. Cons: Plastic build; average display."
LAP002,Lenovo,IdeaPad Slim 3 15AMN8,budget,AMD Ryzen 5 7520U,8,512,AMD Radeon 610M,15.6,1920x1080,60,1.62,47.0,Windows 11 Home,37990,4.0,Low price; decent battery,Only 8GB RAM; weak for heavy work,NVMe SSD,False,"web browsing, online classes, office work, light multitasking",seed_dataset,Curated seed list (approximate),2026-10-07,INR,"Lenovo IdeaPad Slim 3 15AMN8 is a budget laptop with AMD Ryzen 5 7520U, 8GB RAM, 512GB SSD, and integrated graphics (AMD Radeon 610M). It has a 15.6-inch 1920x1080 display at 60Hz, weighs 1.62kg, and has a 47.0Wh battery. Runs Windows 11 Home. Approx. price Rs 37,990. Good for: web browsing, online classes, office work, light multitasking. Pros: Low price; decent battery. Cons: Only 8GB RAM; weak for heavy work."
LAP003,Lenovo,IdeaPad Slim 5 14 7730U,ultraportable,AMD Ryzen 7 7730U,16,512,AMD Radeon Graphics,14.0,1920x1200,60,1.46,57.0,Windows 11 Home,62990,4.2,Light; good battery; sharp 16:10 screen,No dedicated GPU,NVMe SSD,False,"travel, commuting, office work, long battery life, light coding",seed_dataset,Curated seed list (approximate),2026-10-07,INR,"Lenovo IdeaPad Slim 5 14 7730U is a ultraportable laptop with AMD Ryzen 7 7730U, 16GB RAM, 512GB SSD, and integrated graphics (AMD Radeon Graphics). It has a 14.0-inch 1920x1200 display at 60Hz, weighs 1.46kg, and has a 57.0Wh battery. Runs Windows 11 Home. Approx. price Rs 62,990. Good for: travel, commuting, office work, long battery life, light coding. Pros: Light; good battery; sharp 16:10 screen. Cons: No dedicated GPU."
LAP004,Lenovo,IdeaPad Gaming 3 15ARH7,gaming,AMD Ryzen 5 6600H,16,512,NVIDIA RTX 3050 4GB,15.6,1920x1080,120,2.32,45.0,Windows 11 Home,62990,4.1,Good entry gaming performance,Older generation; short battery life,NVMe SSD,True,"gaming, game streaming, heavy multitasking, some video editing",seed_dataset,Curated seed list (approximate),2026-10-07,INR,"Lenovo IdeaPad Gaming 3 15ARH7 is a gaming laptop with AMD Ryzen 5 6600H, 16GB RAM, 512GB SSD, and dedicated NVIDIA RTX 3050 4GB. It has a 15.6-inch 1920x1080 display at 120Hz, weighs 2.32kg, and has a 45.0Wh battery. Runs Windows 11 Home. Approx. price Rs 62,990. Good for: gaming, game streaming, heavy multitasking, some video editing. Pros: Good entry gaming performance. Cons: Older generation; short battery life."
LAP005,Lenovo,LOQ 15IAX9,gaming,Intel Core i5-12450HX,12,512,NVIDIA RTX 3050 6GB,15.6,1920x1080,144,2.4,60.0,Windows 11 Home,69990,4.2,Good cooling; strong value for gaming,Heavy; average screen colours,NVMe SSD,True,"gaming, game streaming, heavy multitasking, some video editing",seed_dataset,Curated seed list (approximate),2026-10-07,INR,"Lenovo LOQ 15IAX9 is a gaming laptop with Intel Core i5-12450HX, 12GB RAM, 512GB SSD, and dedicated NVIDIA RTX 3050 6GB. It has a 15.6-inch 1920x1080 display at 144Hz, weighs 2.4kg, and has a 60.0Wh battery. Runs Windows 11 Home. Approx. price Rs 69,990. Good for: gaming, game streaming, heavy multitasking, some video editing. Pros: Good cooling; strong value for gaming. Cons: Heavy; average screen colours."
LAP006,Lenovo,LOQ 15APH8 RTX 4060,gaming,AMD Ryzen 7 7840HS,16,512,NVIDIA RTX 4060 8GB,15.6,1920x1080,144,2.4,60.0,Windows 11 Home,94990,4.3,RTX 4060 at a fair price; efficient CPU,Plastic chassis; heavy,NVMe SSD,True,"gaming, game streaming, heavy multitasking, some video editing",seed_dataset,Curated seed list (approximate),2026-10-07,INR,"Lenovo LOQ 15APH8 RTX 4060 is a gaming laptop with AMD Ryzen 7 7840HS, 16GB RAM, 512GB SSD, and dedicated NVIDIA RTX 4060 8GB. It has a 15.6-inch 1920x1080 display at 144Hz, weighs 2.4kg, and has a 60.0Wh battery. Runs Windows 11 Home. Approx. price Rs 94,990. Good for: gaming, game streaming, heavy multitasking, some video editing. Pros: RTX 4060 at a fair price; efficient CPU. Cons: Plastic chassis; heavy."
LAP007,Lenovo,Legion 5 15ARP9,gaming,AMD Ryzen 7 7745HX,16,1024,NVIDIA RTX 4060 8GB,15.6,2560x1440,165,2.4,80.0,Windows 11 Home,119990,4.5,Excellent keyboard; great cooling; high-refresh QHD display,Heavy; battery drains fast under load,NVMe SSD,True,"gaming, game streaming, heavy multitasking, some video editing",seed_dataset,Curated seed list (approximate),2026-10-07,INR,"Lenovo Legion 5 15ARP9 is a gaming laptop with AMD Ryzen 7 7745HX, 16GB RAM, 1024GB SSD, and dedicated NVIDIA RTX 4060 8GB. It has a 15.6-inch 2560x1440 display at 165Hz, weighs 2.4kg, and has a 80.0Wh battery. Runs Windows 11 Home. Approx. price Rs 119,990. Good for: gaming, game streaming, heavy multitasking, some video editing. Pros: Excellent keyboard; great cooling; high-refresh QHD display. Cons: Heavy; battery drains fast under load."
LAP008,Lenovo,ThinkPad E14 Gen 5,business,Intel Core i5-1335U,16,512,Intel Iris Xe,14.0,1920x1200,60,1.41,47.0,Windows 11 Pro,72990,4.2,Best-in-class keyboard; reliable; Windows Pro,Plain design; average speakers,NVMe SSD,False,"office work, video calls, security, reliability, long work hours",seed_dataset,Curated seed list (approximate),2026-10-07,INR,"Lenovo ThinkPad E14 Gen 5 is a business laptop with Intel Core i5-1335U, 16GB RAM, 512GB SSD, and integrated graphics (Intel Iris Xe). It has a 14.0-inch 1920x1200 display at 60Hz, weighs 1.41kg, and has a 47.0Wh battery. Runs Windows 11 Pro. Approx. price Rs 72,990. Good for: office work, video calls, security, reliability, long work hours. Pros: Best-in-class keyboard; reliable; Windows Pro. Cons: Plain design; average speakers."
LAP009,Lenovo,ThinkPad X1 Carbon Gen 11,business,Intel Core i7-1355U,16,512,Intel Iris Xe,14.0,1920x1200,60,1.12,57.0,Windows 11 Pro,169990,4.5,Very light; premium build; excellent keyboard,Expensive; no dedicated GPU,NVMe SSD,False,"office work, video calls, security, reliability, long work hours",seed_dataset,Curated seed list (approximate),2026-10-07,INR,"Lenovo ThinkPad X1 Carbon Gen 11 is a business laptop with Intel Core i7-1355U, 16GB RAM, 512GB SSD, and integrated graphics (Intel Iris Xe). It has a 14.0-inch 1920x1200 display at 60Hz, weighs 1.12kg, and has a 57.0Wh battery. Runs Windows 11 Pro. Approx. price Rs 169,990. Good for: office work, video calls, security, reliability, long work hours. Pros: Very light; premium build; excellent keyboard. Cons: Expensive; no dedicated GPU."
LAP010,HP,15s fq5xxx,budget,Intel Core i3-1215U,8,512,Intel UHD,15.6,1920x1080,60,1.69,41.0,Windows 11 Home,36990,3.9,Affordable; light office work,Dim display; limited upgrade headroom,NVMe SSD,False,"web browsing, online classes, office work, light multitasking",seed_dataset,Curated seed list (approximate),2026-10-07,INR,"HP 15s fq5xxx is a budget laptop with Intel Core i3-1215U, 8GB RAM, 512GB SSD, and integrated graphics (Intel UHD). It has a 15.6-inch 1920x1080 display at 60Hz, weighs 1.69kg, and has a 41.0Wh battery. Runs Windows 11 Home. Approx. price Rs 36,990. Good for: web browsing, online classes, office work, light multitasking. Pros: Affordable; light office work. Cons: Dim display; limited upgrade headroom."
LAP011,HP,Pavilion 15 eg3xxx,student,Intel Core i5-1335U,16,512,Intel Iris Xe,15.6,1920x1080,60,1.75,41.0,Windows 11 Home,58990,4.1,Balanced performance; metal lid,Average battery,NVMe SSD,False,"college work, coding basics, office apps, streaming, everyday use",seed_dataset,Curated seed list (approximate),2026-10-07,INR,"HP Pavilion 15 eg3xxx is a student laptop with Intel Core i5-1335U, 16GB RAM, 512GB SSD, and integrated graphics (Intel Iris Xe). It has a 15.6-inch 1920x1080 display at 60Hz, weighs 1.75kg, and has a 41.0Wh battery. Runs Windows 11 Home. Approx. price Rs 58,990. Good for: college work, coding basics, office apps, streaming, everyday use. Pros: Balanced performance; metal lid. Cons: Average battery."
LAP012,HP,Victus 15 fb1xxx,gaming,AMD Ryzen 5 8645HS,16,512,NVIDIA RTX 3050 6GB,15.6,1920x1080,144,2.29,70.0,Windows 11 Home,66990,4.2,Good value; decent battery for a gaming laptop,Plastic build,NVMe SSD,True,"gaming, game streaming, heavy multitasking, some video editing",seed_dataset,Curated seed list (approximate),2026-10-07,INR,"HP Victus 15 fb1xxx is a gaming laptop with AMD Ryzen 5 8645HS, 16GB RAM, 512GB SSD, and dedicated NVIDIA RTX 3050 6GB. It has a 15.6-inch 1920x1080 display at 144Hz, weighs 2.29kg, and has a 70.0Wh battery. Runs Windows 11 Home. Approx. price Rs 66,990. Good for: gaming, game streaming, heavy multitasking, some video editing. Pros: Good value; decent battery for a gaming laptop. Cons: Plastic build."
LAP013,HP,Victus 16 RTX 4060,gaming,Intel Core i5-13500HX,16,512,NVIDIA RTX 4060 8GB,16.1,1920x1080,144,2.3,83.0,Windows 11 Home,89990,4.3,Strong CPU and GPU combo; larger screen,Bulky,NVMe SSD,True,"gaming, game streaming, heavy multitasking, some video editing",seed_dataset,Curated seed list (approximate),2026-10-07,INR,"HP Victus 16 RTX 4060 is a gaming laptop with Intel Core i5-13500HX, 16GB RAM, 512GB SSD, and dedicated NVIDIA RTX 4060 8GB. It has a 16.1-inch 1920x1080 display at 144Hz, weighs 2.3kg, and has a 83.0Wh battery. Runs Windows 11 Home. Approx. price Rs 89,990. Good for: gaming, game streaming, heavy multitasking, some video editing. Pros: Strong CPU and GPU combo; larger screen. Cons: Bulky."
LAP014,HP,Omen 16 RTX 4070,gaming,Intel Core i7-13700HX,16,1024,NVIDIA RTX 4070 8GB,16.1,2560x1440,165,2.37,83.0,Windows 11 Home,139990,4.4,Powerful; QHD high-refresh display,Expensive; fans loud under load,NVMe SSD,True,"gaming, game streaming, heavy multitasking, some video editing",seed_dataset,Curated seed list (approximate),2026-10-07,INR,"HP Omen 16 RTX 4070 is a gaming laptop with Intel Core i7-13700HX, 16GB RAM, 1024GB SSD, and dedicated NVIDIA RTX 4070 8GB. It has a 16.1-inch 2560x1440 display at 165Hz, weighs 2.37kg, and has a 83.0Wh battery. Runs Windows 11 Home. Approx. price Rs 139,990. Good for: gaming, game streaming, heavy multitasking, some video editing. Pros: Powerful; QHD high-refresh display. Cons: Expensive; fans loud under load."
LAP015,HP,Envy x360 14,creator,Intel Core Ultra 7 155U,16,1024,Intel Graphics,14.0,2880x1800 OLED,120,1.4,59.0,Windows 11 Home,109990,4.3,OLED 2-in-1; good for note taking and sketching,No dedicated GPU,NVMe SSD,False,"video editing, photo editing, design work, 3D, colour-accurate display",seed_dataset,Curated seed list (approximate),2026-10-07,INR,"HP Envy x360 14 is a creator laptop with Intel Core Ultra 7 155U, 16GB RAM, 1024GB SSD, and integrated graphics (Intel Graphics). It has a 14.0-inch 2880x1800 OLED display at 120Hz, weighs 1.4kg, and has a 59.0Wh battery. Runs Windows 11 Home. Approx. price Rs 109,990. Good for: video editing, photo editing, design work, 3D, colour-accurate display. Pros: OLED 2-in-1; good for note taking and sketching. Cons: No dedicated GPU."
LAP016,HP,EliteBook 840 G10,business,Intel Core i5-1335U,16,512,Intel Iris Xe,14.0,1920x1200,60,1.36,51.0,Windows 11 Pro,119990,4.4,Enterprise security; sturdy; good webcam,Pricey for the performance,NVMe SSD,False,"office work, video calls, security, reliability, long work hours",seed_dataset,Curated seed list (approximate),2026-10-07,INR,"HP EliteBook 840 G10 is a business laptop with Intel Core i5-1335U, 16GB RAM, 512GB SSD, and integrated graphics (Intel Iris Xe). It has a 14.0-inch 1920x1200 display at 60Hz, weighs 1.36kg, and has a 51.0Wh battery. Runs Windows 11 Pro. Approx. price Rs 119,990. Good for: office work, video calls, security, reliability, long work hours. Pros: Enterprise security; sturdy; good webcam. Cons: Pricey for the performance."
LAP017,Dell,Inspiron 15 3520,budget,Intel Core i3-1215U,8,512,Intel UHD,15.6,1920x1080,120,1.65,41.0,Windows 11 Home,38990,3.9,Low price; 120Hz panel,Basic build; modest performance,NVMe SSD,False,"web browsing, online classes, office work, light multitasking",seed_dataset,Curated seed list (approximate),2026-10-07,INR,"Dell Inspiron 15 3520 is a budget laptop with Intel Core i3-1215U, 8GB RAM, 512GB SSD, and integrated graphics (Intel UHD). It has a 15.6-inch 1920x1080 display at 120Hz, weighs 1.65kg, and has a 41.0Wh battery. Runs Windows 11 Home. Approx. price Rs 38,990. Good for: web browsing, online classes, office work, light multitasking. Pros: Low price; 120Hz panel. Cons: Basic build; modest performance."
LAP018,Dell,Inspiron 14 5440,student,Intel Core i5-1335U,16,512,Intel Iris Xe,14.0,1920x1200,60,1.54,54.0,Windows 11 Home,59990,4.1,Compact; good battery,Average display brightness,NVMe SSD,False,"college work, coding basics, office apps, streaming, everyday use",seed_dataset,Curated seed list (approximate),2026-10-07,INR,"Dell Inspiron 14 5440 is a student laptop with Intel Core i5-1335U, 16GB RAM, 512GB SSD, and integrated graphics (Intel Iris Xe). It has a 14.0-inch 1920x1200 display at 60Hz, weighs 1.54kg, and has a 54.0Wh battery. Runs Windows 11 Home. Approx. price Rs 59,990. Good for: college work, coding basics, office apps, streaming, everyday use. Pros: Compact; good battery. Cons: Average display brightness."
LAP019,Dell,G15 5530,gaming,Intel Core i5-13450HX,16,512,NVIDIA RTX 3050 6GB,15.6,1920x1080,120,2.65,56.0,Windows 11 Home,79990,4.1,Solid cooling; upgradable RAM,Heavy; priced above rivals,NVMe SSD,True,"gaming, game streaming, heavy multitasking, some video editing",seed_dataset,Curated seed list (approximate),2026-10-07,INR,"Dell G15 5530 is a gaming laptop with Intel Core i5-13450HX, 16GB RAM, 512GB SSD, and dedicated NVIDIA RTX 3050 6GB. It has a 15.6-inch 1920x1080 display at 120Hz, weighs 2.65kg, and has a 56.0Wh battery. Runs Windows 11 Home. Approx. price Rs 79,990. Good for: gaming, game streaming, heavy multitasking, some video editing. Pros: Solid cooling; upgradable RAM. Cons: Heavy; priced above rivals."
LAP020,Dell,XPS 13 9340,ultraportable,Intel Core Ultra 7 155H,16,512,Intel Arc Graphics,13.4,1920x1200,120,1.19,54.0,Windows 11 Home,149990,4.4,Premium build; very portable; excellent trackpad,Expensive; limited ports,NVMe SSD,False,"travel, commuting, office work, long battery life, light coding",seed_dataset,Curated seed list (approximate),2026-10-07,INR,"Dell XPS 13 9340 is a ultraportable laptop with Intel Core Ultra 7 155H, 16GB RAM, 512GB SSD, and integrated graphics (Intel Arc Graphics). It has a 13.4-inch 1920x1200 display at 120Hz, weighs 1.19kg, and has a 54.0Wh battery. Runs Windows 11 Home. Approx. price Rs 149,990. Good for: travel, commuting, office work, long battery life, light coding. Pros: Premium build; very portable; excellent trackpad. Cons: Expensive; limited ports."
LAP021,Dell,XPS 15 9530,creator,Intel Core i7-13700H,16,512,NVIDIA RTX 4050 6GB,15.6,3456x2160 OLED,60,1.92,86.0,Windows 11 Home,209990,4.5,Stunning OLED; strong for video and photo editing,Very expensive,NVMe SSD,True,"video editing, photo editing, design work, 3D, colour-accurate display",seed_dataset,Curated seed list (approximate),2026-10-07,INR,"Dell XPS 15 9530 is a creator laptop with Intel Core i7-13700H, 16GB RAM, 512GB SSD, and dedicated NVIDIA RTX 4050 6GB. It has a 15.6-inch 3456x2160 OLED display at 60Hz, weighs 1.92kg, and has a 86.0Wh battery. Runs Windows 11 Home. Approx. price Rs 209,990. Good for: video editing, photo editing, design work, 3D, colour-accurate display. Pros: Stunning OLED; strong for video and photo editing. Cons: Very expensive."
LAP022,Dell,Latitude 5440,business,Intel Core i5-1335U,16,512,Intel Iris Xe,14.0,1920x1080,60,1.5,54.0,Windows 11 Pro,92990,4.2,Reliable; good serviceability and ports,Plain display,NVMe SSD,False,"office work, video calls, security, reliability, long work hours",seed_dataset,Curated seed list (approximate),2026-10-07,INR,"Dell Latitude 5440 is a business laptop with Intel Core i5-1335U, 16GB RAM, 512GB SSD, and integrated graphics (Intel Iris Xe). It has a 14.0-inch 1920x1080 display at 60Hz, weighs 1.5kg, and has a 54.0Wh battery. Runs Windows 11 Pro. Approx. price Rs 92,990. Good for: office work, video calls, security, reliability, long work hours. Pros: Reliable; good serviceability and ports. Cons: Plain display."
LAP023,ASUS,Vivobook 15 X1502ZA,student,Intel Core i5-12500H,16,512,Intel Iris Xe,15.6,1920x1080,60,1.7,42.0,Windows 11 Home,49990,4.1,Powerful H-series CPU at a mid price,Battery is small,NVMe SSD,False,"college work, coding basics, office apps, streaming, everyday use",seed_dataset,Curated seed list (approximate),2026-10-07,INR,"ASUS Vivobook 15 X1502ZA is a student laptop with Intel Core i5-12500H, 16GB RAM, 512GB SSD, and integrated graphics (Intel Iris Xe). It has a 15.6-inch 1920x1080 display at 60Hz, weighs 1.7kg, and has a 42.0Wh battery. Runs Windows 11 Home. Approx. price Rs 49,990. Good for: college work, coding basics, office apps, streaming, everyday use. Pros: Powerful H-series CPU at a mid price. Cons: Battery is small."
LAP024,ASUS,Vivobook S 14 OLED,ultraportable,Intel Core Ultra 5 125H,16,512,Intel Arc Graphics,14.0,2880x1800 OLED,120,1.5,75.0,Windows 11 Home,74990,4.3,OLED 120Hz screen; big battery for the class,Fan can get audible,NVMe SSD,False,"travel, commuting, office work, long battery life, light coding",seed_dataset,Curated seed list (approximate),2026-10-07,INR,"ASUS Vivobook S 14 OLED is a ultraportable laptop with Intel Core Ultra 5 125H, 16GB RAM, 512GB SSD, and integrated graphics (Intel Arc Graphics). It has a 14.0-inch 2880x1800 OLED display at 120Hz, weighs 1.5kg, and has a 75.0Wh battery. Runs Windows 11 Home. Approx. price Rs 74,990. Good for: travel, commuting, office work, long battery life, light coding. Pros: OLED 120Hz screen; big battery for the class. Cons: Fan can get audible."
LAP025,ASUS,ExpertBook P1 P1503,business,Intel Core i5-1335U,16,512,Intel Iris Xe,15.6,1920x1080,60,1.6,50.0,Windows 11 Pro,56990,4.0,Business features at a low price,Plain looks,NVMe SSD,False,"office work, video calls, security, reliability, long work hours",seed_dataset,Curated seed list (approximate),2026-10-07,INR,"ASUS ExpertBook P1 P1503 is a business laptop with Intel Core i5-1335U, 16GB RAM, 512GB SSD, and integrated graphics (Intel Iris Xe). It has a 15.6-inch 1920x1080 display at 60Hz, weighs 1.6kg, and has a 50.0Wh battery. Runs Windows 11 Pro. Approx. price Rs 56,990. Good for: office work, video calls, security, reliability, long work hours. Pros: Business features at a low price. Cons: Plain looks."
LAP026,ASUS,TUF Gaming F15 FX506,gaming,Intel Core i5-11400H,8,512,NVIDIA RTX 3050 4GB,15.6,1920x1080,144,2.3,48.0,Windows 11 Home,59990,4.1,MIL-STD durability; fast display,Older generation CPU,NVMe SSD,True,"gaming, game streaming, heavy multitasking, some video editing",seed_dataset,Curated seed list (approximate),2026-10-07,INR,"ASUS TUF Gaming F15 FX506 is a gaming laptop with Intel Core i5-11400H, 8GB RAM, 512GB SSD, and dedicated NVIDIA RTX 3050 4GB. It has a 15.6-inch 1920x1080 display at 144Hz, weighs 2.3kg, and has a 48.0Wh battery. Runs Windows 11 Home. Approx. price Rs 59,990. Good for: gaming, game streaming, heavy multitasking, some video editing. Pros: MIL-STD durability; fast display. Cons: Older generation CPU."
LAP027,ASUS,TUF Gaming A15 FA507,gaming,AMD Ryzen 7 7735HS,16,512,NVIDIA RTX 4050 6GB,15.6,1920x1080,144,2.3,48.0,Windows 11 Home,84990,4.3,Durable; good performance per rupee,Short battery life under load,NVMe SSD,True,"gaming, game streaming, heavy multitasking, some video editing",seed_dataset,Curated seed list (approximate),2026-10-07,INR,"ASUS TUF Gaming A15 FA507 is a gaming laptop with AMD Ryzen 7 7735HS, 16GB RAM, 512GB SSD, and dedicated NVIDIA RTX 4050 6GB. It has a 15.6-inch 1920x1080 display at 144Hz, weighs 2.3kg, and has a 48.0Wh battery. Runs Windows 11 Home. Approx. price Rs 84,990. Good for: gaming, game streaming, heavy multitasking, some video editing. Pros: Durable; good performance per rupee. Cons: Short battery life under load."
LAP028,ASUS,ROG Strix G16,gaming,Intel Core i7-13650HX,16,1024,NVIDIA RTX 4060 8GB,16.0,1920x1200,165,2.5,90.0,Windows 11 Home,129990,4.4,Strong cooling; fast display,Heavy and large,NVMe SSD,True,"gaming, game streaming, heavy multitasking, some video editing",seed_dataset,Curated seed list (approximate),2026-10-07,INR,"ASUS ROG Strix G16 is a gaming laptop with Intel Core i7-13650HX, 16GB RAM, 1024GB SSD, and dedicated NVIDIA RTX 4060 8GB. It has a 16.0-inch 1920x1200 display at 165Hz, weighs 2.5kg, and has a 90.0Wh battery. Runs Windows 11 Home. Approx. price Rs 129,990. Good for: gaming, game streaming, heavy multitasking, some video editing. Pros: Strong cooling; fast display. Cons: Heavy and large."
LAP029,ASUS,ROG Zephyrus G14,gaming,AMD Ryzen 9 8945HS,16,1024,NVIDIA RTX 4060 8GB,14.0,2880x1800 OLED,120,1.5,73.0,Windows 11 Home,159990,4.6,Portable gaming; OLED display; great battery for a gaming laptop,Expensive; soldered RAM,NVMe SSD,True,"gaming, game streaming, heavy multitasking, some video editing",seed_dataset,Curated seed list (approximate),2026-10-07,INR,"ASUS ROG Zephyrus G14 is a gaming laptop with AMD Ryzen 9 8945HS, 16GB RAM, 1024GB SSD, and dedicated NVIDIA RTX 4060 8GB. It has a 14.0-inch 2880x1800 OLED display at 120Hz, weighs 1.5kg, and has a 73.0Wh battery. Runs Windows 11 Home. Approx. price Rs 159,990. Good for: gaming, game streaming, heavy multitasking, some video editing. Pros: Portable gaming; OLED display; great battery for a gaming laptop. Cons: Expensive; soldered RAM."
LAP030,ASUS,Zenbook 14 OLED UX3405,ultraportable,Intel Core Ultra 7 155H,16,1024,Intel Arc Graphics,14.0,2880x1800 OLED,120,1.2,75.0,Windows 11 Home,99990,4.5,Very light; vivid OLED; long battery,No dedicated GPU,NVMe SSD,False,"travel, commuting, office work, long battery life, light coding",seed_dataset,Curated seed list (approximate),2026-10-07,INR,"ASUS Zenbook 14 OLED UX3405 is a ultraportable laptop with Intel Core Ultra 7 155H, 16GB RAM, 1024GB SSD, and integrated graphics (Intel Arc Graphics). It has a 14.0-inch 2880x1800 OLED display at 120Hz, weighs 1.2kg, and has a 75.0Wh battery. Runs Windows 11 Home. Approx. price Rs 99,990. Good for: travel, commuting, office work, long battery life, light coding. Pros: Very light; vivid OLED; long battery. Cons: No dedicated GPU."
LAP031,ASUS,Vivobook Pro 15 OLED,creator,Intel Core i7-13700H,16,1024,NVIDIA RTX 4050 6GB,15.6,2880x1620 OLED,120,1.8,96.0,Windows 11 Home,114990,4.3,OLED plus RTX GPU for creative work; big battery,Warm under sustained load,NVMe SSD,True,"video editing, photo editing, design work, 3D, colour-accurate display",seed_dataset,Curated seed list (approximate),2026-10-07,INR,"ASUS Vivobook Pro 15 OLED is a creator laptop with Intel Core i7-13700H, 16GB RAM, 1024GB SSD, and dedicated NVIDIA RTX 4050 6GB. It has a 15.6-inch 2880x1620 OLED display at 120Hz, weighs 1.8kg, and has a 96.0Wh battery. Runs Windows 11 Home. Approx. price Rs 114,990. Good for: video editing, photo editing, design work, 3D, colour-accurate display. Pros: OLED plus RTX GPU for creative work; big battery. Cons: Warm under sustained load."
LAP032,Acer,Aspire 3 A315-59,budget,Intel Core i3-1215U,8,512,Intel UHD,15.6,1920x1080,60,1.7,36.0,Windows 11 Home,31990,3.8,Very low price,Weak screen and battery,NVMe SSD,False,"web browsing, online classes, office work, light multitasking",seed_dataset,Curated seed list (approximate),2026-10-07,INR,"Acer Aspire 3 A315-59 is a budget laptop with Intel Core i3-1215U, 8GB RAM, 512GB SSD, and integrated graphics (Intel UHD). It has a 15.6-inch 1920x1080 display at 60Hz, weighs 1.7kg, and has a 36.0Wh battery. Runs Windows 11 Home. Approx. price Rs 31,990. Good for: web browsing, online classes, office work, light multitasking. Pros: Very low price. Cons: Weak screen and battery."
LAP033,Acer,Aspire Lite AL15-52,budget,Intel Core i5-1235U,16,512,Intel Iris Xe,15.6,1920x1080,60,1.59,36.0,Windows 11 Home,38990,3.9,16GB RAM at a low price,Plastic build; small battery,NVMe SSD,False,"web browsing, online classes, office work, light multitasking",seed_dataset,Curated seed list (approximate),2026-10-07,INR,"Acer Aspire Lite AL15-52 is a budget laptop with Intel Core i5-1235U, 16GB RAM, 512GB SSD, and integrated graphics (Intel Iris Xe). It has a 15.6-inch 1920x1080 display at 60Hz, weighs 1.59kg, and has a 36.0Wh battery. Runs Windows 11 Home. Approx. price Rs 38,990. Good for: web browsing, online classes, office work, light multitasking. Pros: 16GB RAM at a low price. Cons: Plastic build; small battery."
LAP034,Acer,Aspire 5 A515-58,student,Intel Core i5-1335U,16,512,Intel Iris Xe,15.6,1920x1080,60,1.77,50.0,Windows 11 Home,54990,4.1,Good all-rounder; decent battery,Average display,NVMe SSD,False,"college work, coding basics, office apps, streaming, everyday use",seed_dataset,Curated seed list (approximate),2026-10-07,INR,"Acer Aspire 5 A515-58 is a student laptop with Intel Core i5-1335U, 16GB RAM, 512GB SSD, and integrated graphics (Intel Iris Xe). It has a 15.6-inch 1920x1080 display at 60Hz, weighs 1.77kg, and has a 50.0Wh battery. Runs Windows 11 Home. Approx. price Rs 54,990. Good for: college work, coding basics, office apps, streaming, everyday use. Pros: Good all-rounder; decent battery. Cons: Average display."
LAP035,Acer,Swift Go 14 SFG14-73,ultraportable,Intel Core Ultra 5 125H,16,512,Intel Arc Graphics,14.0,2880x1800 OLED,90,1.32,65.0,Windows 11 Home,79990,4.3,Light OLED laptop at a fair price,Speakers are average,NVMe SSD,False,"travel, commuting, office work, long battery life, light coding",seed_dataset,Curated seed list (approximate),2026-10-07,INR,"Acer Swift Go 14 SFG14-73 is a ultraportable laptop with Intel Core Ultra 5 125H, 16GB RAM, 512GB SSD, and integrated graphics (Intel Arc Graphics). It has a 14.0-inch 2880x1800 OLED display at 90Hz, weighs 1.32kg, and has a 65.0Wh battery. Runs Windows 11 Home. Approx. price Rs 79,990. Good for: travel, commuting, office work, long battery life, light coding. Pros: Light OLED laptop at a fair price. Cons: Speakers are average."
LAP036,Acer,Nitro V 15 ANV15-51,gaming,Intel Core i5-13420H,16,512,NVIDIA RTX 3050 6GB,15.6,1920x1080,144,2.1,57.0,Windows 11 Home,66990,4.2,Good entry gaming value,Fan noise under load,NVMe SSD,True,"gaming, game streaming, heavy multitasking, some video editing",seed_dataset,Curated seed list (approximate),2026-10-07,INR,"Acer Nitro V 15 ANV15-51 is a gaming laptop with Intel Core i5-13420H, 16GB RAM, 512GB SSD, and dedicated NVIDIA RTX 3050 6GB. It has a 15.6-inch 1920x1080 display at 144Hz, weighs 2.1kg, and has a 57.0Wh battery. Runs Windows 11 Home. Approx. price Rs 66,990. Good for: gaming, game streaming, heavy multitasking, some video editing. Pros: Good entry gaming value. Cons: Fan noise under load."
LAP037,Acer,Nitro 16 AN16-41,gaming,AMD Ryzen 7 7840HS,16,512,NVIDIA RTX 4060 8GB,16.0,1920x1200,165,2.5,90.0,Windows 11 Home,109990,4.3,Strong GPU; 16:10 screen; large battery,Heavy,NVMe SSD,True,"gaming, game streaming, heavy multitasking, some video editing",seed_dataset,Curated seed list (approximate),2026-10-07,INR,"Acer Nitro 16 AN16-41 is a gaming laptop with AMD Ryzen 7 7840HS, 16GB RAM, 512GB SSD, and dedicated NVIDIA RTX 4060 8GB. It has a 16.0-inch 1920x1200 display at 165Hz, weighs 2.5kg, and has a 90.0Wh battery. Runs Windows 11 Home. Approx. price Rs 109,990. Good for: gaming, game streaming, heavy multitasking, some video editing. Pros: Strong GPU; 16:10 screen; large battery. Cons: Heavy."
LAP038,Acer,Predator Helios Neo 16,gaming,Intel Core i7-13700HX,16,1024,NVIDIA RTX 4060 8GB,16.0,1920x1200,165,2.6,90.0,Windows 11 Home,129990,4.4,Powerful CPU and cooling,Bulky; priced high,NVMe SSD,True,"gaming, game streaming, heavy multitasking, some video editing",seed_dataset,Curated seed list (approximate),2026-10-07,INR,"Acer Predator Helios Neo 16 is a gaming laptop with Intel Core i7-13700HX, 16GB RAM, 1024GB SSD, and dedicated NVIDIA RTX 4060 8GB. It has a 16.0-inch 1920x1200 display at 165Hz, weighs 2.6kg, and has a 90.0Wh battery. Runs Windows 11 Home. Approx. price Rs 129,990. Good for: gaming, game streaming, heavy multitasking, some video editing. Pros: Powerful CPU and cooling. Cons: Bulky; priced high."
LAP039,Apple,MacBook Air 13 M2,ultraportable,Apple M2,8,256,Apple M2 8-core GPU,13.6,2560x1664,60,1.24,52.6,macOS,89990,4.7,Silent fanless design; excellent battery and display,8GB RAM and 256GB storage limit heavy use,NVMe SSD,False,"travel, commuting, office work, long battery life, light coding",seed_dataset,Curated seed list (approximate),2026-10-07,INR,"Apple MacBook Air 13 M2 is a ultraportable laptop with Apple M2, 8GB RAM, 256GB SSD, and integrated graphics (Apple M2 8-core GPU). It has a 13.6-inch 2560x1664 display at 60Hz, weighs 1.24kg, and has a 52.6Wh battery. Runs macOS. Approx. price Rs 89,990. Good for: travel, commuting, office work, long battery life, light coding. Pros: Silent fanless design; excellent battery and display. Cons: 8GB RAM and 256GB storage limit heavy use."
LAP040,Apple,MacBook Air 13 M3,ultraportable,Apple M3,8,256,Apple M3 8-core GPU,13.6,2560x1664,60,1.24,52.6,macOS,114900,4.7,Fast and silent; great battery life,Base storage is small; pricey in India,NVMe SSD,False,"travel, commuting, office work, long battery life, light coding",seed_dataset,Curated seed list (approximate),2026-10-07,INR,"Apple MacBook Air 13 M3 is a ultraportable laptop with Apple M3, 8GB RAM, 256GB SSD, and integrated graphics (Apple M3 8-core GPU). It has a 13.6-inch 2560x1664 display at 60Hz, weighs 1.24kg, and has a 52.6Wh battery. Runs macOS. Approx. price Rs 114,900. Good for: travel, commuting, office work, long battery life, light coding. Pros: Fast and silent; great battery life. Cons: Base storage is small; pricey in India."
LAP041,Apple,MacBook Air 15 M3,ultraportable,Apple M3,8,256,Apple M3 10-core GPU,15.3,2880x1864,60,1.51,66.5,macOS,134900,4.7,Large screen yet thin; great speakers,Expensive for 8GB RAM,NVMe SSD,False,"travel, commuting, office work, long battery life, light coding",seed_dataset,Curated seed list (approximate),2026-10-07,INR,"Apple MacBook Air 15 M3 is a ultraportable laptop with Apple M3, 8GB RAM, 256GB SSD, and integrated graphics (Apple M3 10-core GPU). It has a 15.3-inch 2880x1864 display at 60Hz, weighs 1.51kg, and has a 66.5Wh battery. Runs macOS. Approx. price Rs 134,900. Good for: travel, commuting, office work, long battery life, light coding. Pros: Large screen yet thin; great speakers. Cons: Expensive for 8GB RAM."
LAP042,Apple,MacBook Pro 14 M3,creator,Apple M3,8,512,Apple M3 10-core GPU,14.2,3024x1964 mini-LED,120,1.55,70.0,macOS,169900,4.7,Excellent display; strong sustained performance; long battery,Expensive; only 8GB base RAM,NVMe SSD,False,"video editing, photo editing, design work, 3D, colour-accurate display",seed_dataset,Curated seed list (approximate),2026-10-07,INR,"Apple MacBook Pro 14 M3 is a creator laptop with Apple M3, 8GB RAM, 512GB SSD, and integrated graphics (Apple M3 10-core GPU). It has a 14.2-inch 3024x1964 mini-LED display at 120Hz, weighs 1.55kg, and has a 70.0Wh battery. Runs macOS. Approx. price Rs 169,900. Good for: video editing, photo editing, design work, 3D, colour-accurate display. Pros: Excellent display; strong sustained performance; long battery. Cons: Expensive; only 8GB base RAM."
LAP043,Apple,MacBook Pro 14 M3 Pro,creator,Apple M3 Pro,18,512,Apple M3 Pro 14-core GPU,14.2,3024x1964 mini-LED,120,1.61,70.0,macOS,199900,4.8,Great for video editing and development; very efficient,Very expensive,NVMe SSD,False,"video editing, photo editing, design work, 3D, colour-accurate display",seed_dataset,Curated seed list (approximate),2026-10-07,INR,"Apple MacBook Pro 14 M3 Pro is a creator laptop with Apple M3 Pro, 18GB RAM, 512GB SSD, and integrated graphics (Apple M3 Pro 14-core GPU). It has a 14.2-inch 3024x1964 mini-LED display at 120Hz, weighs 1.61kg, and has a 70.0Wh battery. Runs macOS. Approx. price Rs 199,900. Good for: video editing, photo editing, design work, 3D, colour-accurate display. Pros: Great for video editing and development; very efficient. Cons: Very expensive."
LAP044,Samsung,Galaxy Book3 NP750,student,Intel Core i5-1335U,16,512,Intel Iris Xe,15.6,1920x1080 AMOLED,60,1.58,54.0,Windows 11 Home,64990,4.0,AMOLED screen; light for 15.6 inch,Average thermals,NVMe SSD,False,"college work, coding basics, office apps, streaming, everyday use",seed_dataset,Curated seed list (approximate),2026-10-07,INR,"Samsung Galaxy Book3 NP750 is a student laptop with Intel Core i5-1335U, 16GB RAM, 512GB SSD, and integrated graphics (Intel Iris Xe). It has a 15.6-inch 1920x1080 AMOLED display at 60Hz, weighs 1.58kg, and has a 54.0Wh battery. Runs Windows 11 Home. Approx. price Rs 64,990. Good for: college work, coding basics, office apps, streaming, everyday use. Pros: AMOLED screen; light for 15.6 inch. Cons: Average thermals."
LAP045,MSI,Thin GF63 12UCX,gaming,Intel Core i5-12450H,8,512,NVIDIA RTX 2050 4GB,15.6,1920x1080,144,1.86,51.0,Windows 11 Home,52990,3.9,Cheap entry to gaming; fairly light,Old GPU; only 8GB RAM,NVMe SSD,True,"gaming, game streaming, heavy multitasking, some video editing",seed_dataset,Curated seed list (approximate),2026-10-07,INR,"MSI Thin GF63 12UCX is a gaming laptop with Intel Core i5-12450H, 8GB RAM, 512GB SSD, and dedicated NVIDIA RTX 2050 4GB. It has a 15.6-inch 1920x1080 display at 144Hz, weighs 1.86kg, and has a 51.0Wh battery. Runs Windows 11 Home. Approx. price Rs 52,990. Good for: gaming, game streaming, heavy multitasking, some video editing. Pros: Cheap entry to gaming; fairly light. Cons: Old GPU; only 8GB RAM."
LAP046,MSI,Katana 15 B13V,gaming,Intel Core i7-13620H,16,1024,NVIDIA RTX 4060 8GB,15.6,1920x1080,144,2.25,53.5,Windows 11 Home,99990,4.2,Strong performance; good ports,Battery life is short,NVMe SSD,True,"gaming, game streaming, heavy multitasking, some video editing",seed_dataset,Curated seed list (approximate),2026-10-07,INR,"MSI Katana 15 B13V is a gaming laptop with Intel Core i7-13620H, 16GB RAM, 1024GB SSD, and dedicated NVIDIA RTX 4060 8GB. It has a 15.6-inch 1920x1080 display at 144Hz, weighs 2.25kg, and has a 53.5Wh battery. Runs Windows 11 Home. Approx. price Rs 99,990. Good for: gaming, game streaming, heavy multitasking, some video editing. Pros: Strong performance; good ports. Cons: Battery life is short."
LAP047,Honor,MagicBook X14,student,Intel Core i5-12450H,16,512,Intel UHD,14.0,1920x1200,60,1.4,56.0,Windows 11 Home,46990,4.0,Light metal body; good price,Limited service network,NVMe SSD,False,"college work, coding basics, office apps, streaming, everyday use",seed_dataset,Curated seed list (approximate),2026-10-07,INR,"Honor MagicBook X14 is a student laptop with Intel Core i5-12450H, 16GB RAM, 512GB SSD, and integrated graphics (Intel UHD). It has a 14.0-inch 1920x1200 display at 60Hz, weighs 1.4kg, and has a 56.0Wh battery. Runs Windows 11 Home. Approx. price Rs 46,990. Good for: college work, coding basics, office apps, streaming, everyday use. Pros: Light metal body; good price. Cons: Limited service network."
LAP048,Infinix,INBook Y2 Plus,budget,Intel Core i5-1155G7,16,512,Intel Iris Xe,15.6,1920x1080,60,1.76,50.0,Windows 11 Home,34990,3.9,Cheap with 16GB RAM,Older CPU generation; basic build,NVMe SSD,False,"web browsing, online classes, office work, light multitasking",seed_dataset,Curated seed list (approximate),2026-10-07,INR,"Infinix INBook Y2 Plus is a budget laptop with Intel Core i5-1155G7, 16GB RAM, 512GB SSD, and integrated graphics (Intel Iris Xe). It has a 15.6-inch 1920x1080 display at 60Hz, weighs 1.76kg, and has a 50.0Wh battery. Runs Windows 11 Home. Approx. price Rs 34,990. Good for: web browsing, online classes, office work, light multitasking. Pros: Cheap with 16GB RAM. Cons: Older CPU generation; basic build."
